{"cameraMode":{"drawMode":0,"name":"Shaded","section":"Shading Mode"},"sceneLighting":true,"audioPlay":false,"sceneViewState":{"m_AlwaysRefresh":false,"showFog":true,"showSkybox":true,"showFlares":true,"showImageEffects":true,"showParticleSystems":true,"showVisualEffectGraphs":true,"m_FxEnabled":true},"in2DMode":false,"pivot":{"x":-0.9143921732902527,"y":0.8205646276473999,"z":-9.020082473754883},"rotation":{"x":-0.0443945974111557,"y":-0.003627156838774681,"z":0.0001549719163449481,"w":-0.9992138147354126},"size":4.2062177658081059,"orthographic":false}