{"cameraMode":{"drawMode":0,"name":"Shaded","section":"Shading Mode"},"sceneLighting":true,"audioPlay":false,"sceneViewState":{"m_AlwaysRefresh":false,"showFog":true,"showSkybox":true,"showFlares":true,"showImageEffects":true,"showParticleSystems":true,"showVisualEffectGraphs":true,"m_FxEnabled":true},"in2DMode":false,"pivot":{"x":0.2575230896472931,"y":-2.4841701984405519,"z":18.348283767700197},"rotation":{"x":-0.11942647397518158,"y":0.0035734567791223528,"z":-0.00040866993367671967,"w":-0.9928655624389648},"size":15.46107006072998,"orthographic":false}