{"cameraMode":{"drawMode":0,"name":"Shaded","section":"Shading Mode"},"sceneLighting":true,"audioPlay":false,"sceneViewState":{"m_AlwaysRefresh":false,"showFog":true,"showSkybox":true,"showFlares":true,"showImageEffects":true,"showParticleSystems":true,"showVisualEffectGraphs":true,"m_FxEnabled":true},"in2DMode":false,"pivot":{"x":-0.7311810851097107,"y":-0.15267455577850343,"z":3.63076114654541},"rotation":{"x":-0.041092585772275928,"y":0.017981117591261865,"z":-0.0007307730265893042,"w":-0.9990138411521912},"size":6.807847499847412,"orthographic":false}