{"cameraMode":{"drawMode":0,"name":"Shaded","section":"Shading Mode"},"sceneLighting":true,"audioPlay":false,"sceneViewState":{"m_AlwaysRefresh":false,"showFog":true,"showSkybox":true,"showFlares":true,"showImageEffects":true,"showParticleSystems":true,"showVisualEffectGraphs":true,"m_FxEnabled":true},"in2DMode":false,"pivot":{"x":-1.1858094930648804,"y":-0.6632806658744812,"z":9.454991340637207},"rotation":{"x":-0.060273561626672748,"y":-0.0023988771717995407,"z":0.00014284494682215154,"w":-0.9981900453567505},"size":9.955811500549317,"orthographic":false}