{"cameraMode":{"drawMode":0,"name":"Shaded","section":"Shading Mode"},"sceneLighting":true,"audioPlay":false,"sceneViewState":{"m_AlwaysRefresh":false,"showFog":true,"showSkybox":true,"showFlares":true,"showImageEffects":true,"showParticleSystems":true,"showVisualEffectGraphs":true,"m_FxEnabled":true},"in2DMode":false,"pivot":{"x":-1.303660273551941,"y":2.6564159393310549,"z":-5.5409626960754398},"rotation":{"x":-0.11139200627803803,"y":0.005362639669328928,"z":-0.0005879478412680328,"w":-0.9939094185829163},"size":4.46560001373291,"orthographic":false}