{"cameraMode":{"drawMode":0,"name":"Shaded","section":"Shading Mode"},"sceneLighting":true,"audioPlay":false,"sceneViewState":{"m_AlwaysRefresh":false,"showFog":true,"showSkybox":true,"showFlares":true,"showImageEffects":true,"showParticleSystems":true,"showVisualEffectGraphs":true,"m_FxEnabled":true},"in2DMode":false,"pivot":{"x":-4.662105083465576,"y":1.7502951622009278,"z":-4.4400224685668949},"rotation":{"x":-0.18033617734909059,"y":-0.29022878408432009,"z":0.05578923225402832,"w":-0.9382082223892212},"size":2.6078457832336427,"orthographic":false}