{"cameraMode":{"drawMode":0,"name":"Shaded","section":"Shading Mode"},"sceneLighting":true,"audioPlay":false,"sceneViewState":{"m_AlwaysRefresh":false,"showFog":true,"showSkybox":true,"showFlares":true,"showImageEffects":true,"showParticleSystems":true,"showVisualEffectGraphs":true,"m_FxEnabled":true},"in2DMode":false,"pivot":{"x":-0.37611979246139529,"y":1.379776120185852,"z":21.413330078125},"rotation":{"x":-0.02490180917084217,"y":0.0008795307367108762,"z":0.00026542472187429667,"w":-0.9998687505722046},"size":17.605369567871095,"orthographic":false}