{"cameraMode":{"drawMode":0,"name":"Shaded","section":"Shading Mode"},"sceneLighting":true,"audioPlay":false,"sceneViewState":{"m_AlwaysRefresh":false,"showFog":true,"showSkybox":true,"showFlares":true,"showImageEffects":true,"showParticleSystems":true,"showVisualEffectGraphs":true,"m_FxEnabled":true},"in2DMode":false,"pivot":{"x":15.057470321655274,"y":13.974126815795899,"z":66.61245727539063},"rotation":{"x":0.0797816589474678,"y":-0.11610010266304016,"z":-0.009230437688529492,"w":-0.9900997281074524},"size":37.146366119384769,"orthographic":false}